{"cameraMode":{"drawMode":0,"name":"Shaded","section":"Shading Mode"},"sceneLighting":false,"audioPlay":false,"sceneViewState":{"m_AlwaysRefresh":false,"showFog":true,"showSkybox":false,"showFlares":true,"showImageEffects":true,"showParticleSystems":true,"showVisualEffectGraphs":true,"m_FxEnabled":true},"in2DMode":false,"pivot":{"x":-1.449056625366211,"y":0.05419258400797844,"z":0.11462616920471192},"rotation":{"x":0.056165918707847598,"y":-0.8066043853759766,"z":0.07767514884471894,"w":0.5832917094230652},"size":2.7714693546295168,"orthographic":false}